rank,id,zh,cat,score,conf,danbooru,danbooru_adj,sfw_penalty,civitai,d_s,c_s,p_s,t_s,f_s,x_s,aliases
1,bikini,比基尼,clothing,79.16,A,615387,492309,0.8,bikini:800+,92.7,100.0,80.8,50.0,35.0,50.0,"bikini,bikini"
2,swimsuit,泳装,clothing,78.44,A,807896,630158,0.78,swimsuit:800+,94.4,100.0,80.8,45.0,35.0,45.0,"swimsuit,swimsuit"
3,school_uniform,校服制服,clothing,76.55,A,950177,684127,0.72,school uniform:413,95.0,87.2,83.3,40.0,70.0,45.0,"school_uniform,school uniform"
4,maid,女仆装,clothing,75.12,A,185621,185621,1.0,maid:736,85.8,95.6,85.0,40.0,45.0,50.0,"maid,maid"
5,playboy_bunny,兔女郎,clothing,73.26,A,131405,131405,1.0,bunny:408,83.3,87.0,85.0,45.0,40.0,55.0,"playboy_bunny,bunny"
6,fellatio,口交,act,73.02,A,84606,84606,1.0,blowjob:679;oral:558,80.2,94.4,0.0,88.0,85.0,70.0,"fellatio,blowjob,oral"
7,anal,肛交,act,73.01,A,65171,65171,1.0,anal:757,78.4,96.0,0.0,95.0,55.0,75.0,"anal,anal"
8,lingerie,情趣内衣,clothing,71.44,A,63022,63022,1.0,lingerie:800+,78.1,100.0,50.0,55.0,40.0,50.0,"lingerie,lingerie"
9,serafuku,水手服,clothing,70.32,A,361691,271268,0.75,school uniform:413,88.5,87.2,76.5,30.0,55.0,35.0,"serafuku,school uniform"
10,black_pantyhose,黑丝/黑连裤袜,clothing,70.1,A,266178,266178,1.0,pantyhose:448;stockings:167,88.3,88.4,70.0,35.0,25.0,55.0,"black_pantyhose,pantyhose,stockings"
11,pantyhose,连裤袜,clothing,69.53,A,662959,662959,1.0,pantyhose:448,94.8,88.4,65.0,30.0,20.0,45.0,"pantyhose,pantyhose"
12,thighhighs,过膝袜,clothing,68.68,A,1387992,1138153,0.82,thighhighs:226;stockings:167,98.6,78.5,76.5,25.0,20.0,40.0,"thighhighs,thighhighs,stockings"
13,bdsm,BDSM,interaction,68.16,A,78793,78793,1.0,bdsm:800+,79.7,100.0,20.0,55.0,50.0,55.0,"bdsm,bdsm"
14,bondage,束缚,interaction,67.32,A,107416,107416,1.0,bondage:800+,81.9,100.0,20.0,50.0,45.0,50.0,"bondage,bound,bondage"
15,black_thighhighs,黑过膝袜,clothing,65.67,A,454730,454730,1.0,stockings:167,92.1,74.2,75.0,25.0,20.0,45.0,"black_thighhighs,stockings"
16,nurse,护士装,clothing,65.16,A,20062,20062,1.0,nurse:395,70.0,86.6,70.0,40.0,40.0,40.0,"nurse,nurse"
17,micro_bikini,微型比基尼,clothing,63.84,B,53374,53374,1.0,bikini:800+,77.0,100.0,40.0,35.0,25.0,30.0,"micro_bikini,bikini"
18,cum_in_pussy,中出/内射,finish,63.3,A,127065,127065,1.0,creampie:74,83.1,62.5,0.0,75.0,95.0,60.0,"cum_in_pussy,creampie"
19,facial,颜射,finish,62.65,A,55232,55232,1.0,facial:233;cumshot:169,77.2,79.0,0.0,70.0,50.0,65.0,"facial,facial,cumshot"
20,latex,乳胶衣,clothing,62.65,A,15021,15021,1.0,latex:800+,68.0,100.0,30.0,45.0,25.0,50.0,"latex,latex"
21,white_thighhighs,白丝/白过膝袜,clothing,62.57,A,304565,304565,1.0,stockings:167,89.3,74.2,70.0,20.0,15.0,40.0,"white_thighhighs,stockings"
22,nun,修女装,clothing,61.49,B,30428,30428,1.0,nun:389,73.0,86.4,70.0,25.0,20.0,30.0,"nun,nun"
23,femdom,女支配,interaction,59.78,A,20002,20002,1.0,femdom:579,70.0,92.1,15.0,45.0,40.0,50.0,"femdom,femdom"
24,handjob,手交,act,58.69,A,46318,46318,1.0,handjob:280,76.0,81.6,0.0,55.0,45.0,45.0,"handjob,handjob"
25,high_heels,高跟鞋,clothing,58.52,A,255469,217148,0.85,heels:112,86.9,68.4,34.0,35.0,25.0,40.0,"high_heels,heels"
26,paizuri,乳交,act,58.28,A,51752,51752,1.0,paizuri:251;titjob:55,76.7,80.0,0.0,50.0,70.0,35.0,"paizuri,paizuri,titjob"
27,miko,巫女服,clothing,57.98,B,21050,18945,0.9,miko:158,69.6,73.4,80.0,20.0,30.0,25.0,"miko,miko"
28,dildo,假阳具,toy,57.73,A,27706,27706,1.0,dildo:290,72.3,82.1,10.0,50.0,40.0,40.0,"dildo,dildo"
29,white_pantyhose,白连裤袜,clothing,57.53,B,79501,79501,1.0,pantyhose:448,79.8,88.4,45.0,15.0,10.0,25.0,"white_pantyhose,pantyhose"
30,ahegao,阿嘿颜,reaction,57.36,A,24794,24794,1.0,ahegao:172,71.5,74.6,40.0,35.0,30.0,55.0,"ahegao,ahegao"
31,cum_on_body,体射,finish,56.79,A,114305,114305,1.0,cumshot:169,82.3,74.3,0.0,50.0,30.0,40.0,"cum_on_body,cumshot"
32,fishnets,网袜,clothing,56.36,A,86040,86040,1.0,fishnet:58,80.3,59.0,50.0,35.0,20.0,40.0,"fishnets,fishnet_pantyhose,fishnet"
33,china_dress,旗袍,clothing,56.07,B,70017,70017,1.0,china dress:76;qipao:92,78.9,65.6,55.0,25.0,20.0,35.0,"china_dress,qipao,china dress,qipao"
34,collar,项圈,toy,54.06,B,243603,170522,0.7,collar:90,85.2,65.3,21.2,30.0,25.0,35.0,"collar,collar"
35,shibari,绳缚,interaction,53.46,A,20570,20570,1.0,shibari:130,70.2,70.6,25.0,35.0,40.0,40.0,"shibari,shibari"
36,ball_gag,口塞,toy,53.2,B,29433,29433,1.0,gag:259,72.8,80.5,10.0,35.0,25.0,30.0,"ball_gag,gag,gag"
37,footjob,足交,act,51.75,A,10254,10254,1.0,footjob:146,65.3,72.2,0.0,48.0,40.0,50.0,"footjob,footjob"
38,vibrator,振动棒,toy,51.14,A,28142,28142,1.0,vibrator:65,72.4,60.6,10.0,45.0,40.0,35.0,"vibrator,vibrator"
39,deepthroat,深喉,act,50.93,A,6810,6810,1.0,deepthroat:231,62.4,78.8,0.0,45.0,30.0,40.0,"deepthroat,deepthroat"
40,bukkake,群射,finish,50.91,A,15395,15395,1.0,bukkake:175,68.2,74.8,0.0,40.0,35.0,40.0,"bukkake,bukkake"
41,spanked,打屁股,interaction,48.76,A,5534,5534,1.0,spanking:133,60.9,70.9,10.0,40.0,30.0,35.0,"spanked,spanking"
42,blindfold,眼罩,toy,45.54,B,26913,26913,1.0,blindfold:49,72.1,56.6,10.0,30.0,20.0,25.0,"blindfold,blindfold"
43,female_ejaculation,潮吹,reaction,45.34,A,13278,13278,1.0,squirt:8,67.1,31.8,10.0,55.0,50.0,45.0,"female_ejaculation,squirt"
44,panties,内裤,clothing,44.91,B,753123,587435,0.78,—,93.9,0.0,38.2,40.0,25.0,35.0,panties
45,vaginal,阴道性交,act,44.87,A,250433,250433,1.0,—,87.9,0.0,0.0,70.0,50.0,40.0,vaginal
46,hitachi_magic_wand,AV棒,toy,44.8,A,4094,4094,1.0,vibrator:65,58.8,60.6,5.0,40.0,35.0,30.0,"hitachi_magic_wand,vibrator"
47,garter_straps,吊带袜,clothing,44.3,C,106351,106351,1.0,—,81.8,0.0,80.0,25.0,20.0,35.0,"garter_straps,garter_belt"
48,sex_from_behind,后入,act,42.2,A,90048,90048,1.0,—,80.7,0.0,0.0,65.0,55.0,45.0,"sex_from_behind,doggystyle"
49,cowgirl,骑乘,act,40.06,A,52546,52546,1.0,—,76.9,0.0,0.0,60.0,60.0,40.0,cowgirl_position
50,cum_in_mouth,口爆/口内射精,finish,39.76,A,36124,36124,1.0,—,74.2,0.0,0.0,60.0,55.0,55.0,cum_in_mouth
51,masturbation,自慰,act,38.97,A,44844,44844,1.0,—,75.7,0.0,0.0,60.0,45.0,40.0,masturbation
52,bodysuit,紧身衣,clothing,38.92,C,158307,142476,0.9,—,83.9,0.0,35.0,30.0,20.0,30.0,bodysuit
53,leotard,连体衣/高叉,clothing,38.6,C,269622,237267,0.88,—,87.5,0.0,34.0,25.0,20.0,25.0,leotard
54,bra,胸罩,clothing,37.81,C,248302,186226,0.75,—,85.8,0.0,25.5,30.0,20.0,25.0,bra
55,orgasm,高潮,reaction,37.65,B,24112,24112,1.0,—,71.3,0.0,15.0,50.0,40.0,40.0,"orgasm,female_orgasm"
56,kissing,接吻,act,37.45,B,81711,69454,0.85,—,78.8,0.0,17.0,35.0,55.0,30.0,kiss
57,assertive_female,主动女性/痴女,interaction,36.95,B,15398,15398,1.0,—,68.2,0.0,20.0,40.0,75.0,35.0,assertive_female
58,tongue_out,吐舌,reaction,36.86,C,363503,254452,0.7,—,88.0,0.0,29.8,20.0,15.0,25.0,tongue_out
59,elbow_gloves,长手套,clothing,36.06,C,369295,313900,0.85,—,89.5,0.0,29.8,15.0,15.0,20.0,elbow_gloves
60,skirt_lift,掀裙,act,35.86,C,86181,86181,1.0,—,80.4,0.0,40.0,20.0,20.0,15.0,skirt_lift
61,missionary,传教士,act,35.8,B,41458,41458,1.0,—,75.2,0.0,0.0,50.0,35.0,30.0,missionary
62,sex_toy,性玩具,toy,35.01,B,65060,65060,1.0,—,78.4,0.0,5.0,40.0,30.0,25.0,sex_toy
63,cunnilingus,舔阴,act,35.01,B,14074,14074,1.0,—,67.5,0.0,0.0,55.0,40.0,35.0,cunnilingus
64,leather,皮革装,clothing,34.86,B,18622,18622,1.0,—,69.5,0.0,20.0,40.0,20.0,40.0,leather
65,pussy_juice,爱液,reaction,34.81,C,135266,135266,1.0,—,83.5,0.0,10.0,30.0,25.0,20.0,pussy_juice
66,saliva,唾液/口水,reaction,34.28,C,136333,115883,0.85,—,82.4,0.0,17.0,25.0,20.0,20.0,saliva
67,cum_on_breasts,胸射,finish,33.88,B,48467,48467,1.0,—,76.3,0.0,0.0,40.0,30.0,30.0,cum_on_breasts
68,fingering,指交,act,33.78,B,40989,40989,1.0,—,75.1,0.0,0.0,40.0,35.0,30.0,fingering
69,cum_in_ass,肛内射精,finish,33.37,B,18762,18762,1.0,—,69.6,0.0,0.0,45.0,35.0,35.0,cum_in_ass
70,rope,绳索,toy,32.93,C,62833,40841,0.65,—,75.1,0.0,12.8,30.0,25.0,25.0,rope
71,condom,避孕套,toy,32.8,C,41441,41441,1.0,—,75.2,0.0,5.0,35.0,30.0,20.0,condom
72,undressing,脱衣过程,act,32.49,C,64393,64393,1.0,—,78.3,0.0,15.0,25.0,20.0,15.0,undressing
73,reverse_cowgirl,反向骑乘,act,32.32,B,11456,11456,1.0,—,66.1,0.0,0.0,45.0,40.0,30.0,reverse_cowgirl_position
74,double_penetration,双插入,act,32.3,B,12741,12741,1.0,—,66.8,0.0,0.0,45.0,30.0,35.0,double_penetration
75,peeing,失禁/排尿,reaction,31.9,B,13361,13361,1.0,—,67.2,0.0,5.0,40.0,25.0,35.0,peeing
76,handcuffs,手铐,toy,31.73,C,15588,15588,1.0,—,68.3,0.0,10.0,35.0,25.0,30.0,handcuffs
77,standing_sex,站立性交,act,31.68,B,19294,19294,1.0,—,69.8,0.0,0.0,40.0,30.0,25.0,standing_sex
78,trembling,颤抖,reaction,29.38,C,95955,76764,0.8,—,79.5,0.0,8.5,15.0,15.0,10.0,trembling
79,facesitting,颜面骑乘,act,29.32,C,4663,4663,1.0,—,59.7,0.0,0.0,42.0,25.0,35.0,sitting_on_face
80,spitroast,前后夹击,act,29.21,B,6013,6013,1.0,—,61.5,0.0,0.0,40.0,25.0,30.0,spitroast
81,breast_sucking,吸乳,act,29.19,C,15290,15290,1.0,—,68.1,0.0,0.0,30.0,35.0,20.0,breast_sucking
82,rolling_eyes,翻白眼,reaction,29.11,C,18678,18678,1.0,—,69.5,0.0,15.0,20.0,15.0,25.0,rolling_eyes
83,anal_beads,肛珠,toy,28.98,C,8643,8643,1.0,—,64.1,0.0,0.0,35.0,25.0,30.0,anal_beads
84,cum_on_hair,射发,finish,28.6,C,26432,26432,1.0,—,72.0,0.0,0.0,25.0,20.0,20.0,cum_on_hair
85,butt_plug,肛塞,toy,28.36,C,6468,6468,1.0,—,62.0,0.0,0.0,35.0,25.0,30.0,butt_plug
86,prone_bone,俯卧后入,act,27.89,C,5836,5836,1.0,—,61.3,0.0,0.0,35.0,25.0,25.0,prone_bone
87,hair_grab,抓发/拉发,interaction,27.36,C,10336,10336,1.0,—,65.4,0.0,5.0,25.0,20.0,20.0,grabbing_another's_hair
88,irrumatio,强制口插,act,25.47,C,6811,6811,1.0,—,62.4,0.0,0.0,25.0,15.0,20.0,irrumatio
89,anilingus,舔肛,act,25.15,C,2883,2883,1.0,—,56.3,0.0,0.0,30.0,20.0,25.0,anilingus
90,spooning,侧入,act,25.12,C,2843,2843,1.0,—,56.2,0.0,0.0,30.0,25.0,20.0,spooning
91,nipple_clamps,乳夹,toy,24.87,C,1574,1574,1.0,—,52.1,0.0,5.0,30.0,25.0,25.0,nipple_clamps
92,full_nelson,全尼尔森,act,24.57,C,3959,3959,1.0,—,58.6,0.0,0.0,25.0,20.0,20.0,full_nelson
93,mating_press,挤压打桩位,act,24.4,C,5203,5203,1.0,—,60.5,0.0,0.0,20.0,30.0,15.0,mating_press
94,thigh_sex,腿交,act,23.98,C,4810,4810,1.0,—,59.9,0.0,0.0,20.0,25.0,15.0,thigh_sex
95,buttjob,臀交摩擦,act,23.33,C,2795,2795,1.0,—,56.1,0.0,0.0,25.0,15.0,15.0,buttjob
96,drinking_cum,吞精,finish,10.0,C,0,0,1.0,—,0.0,0.0,0.0,35.0,30.0,30.0,drinking_cum
97,cum_drip,精液滴落/溢出,finish,8.25,C,0,0,1.0,—,0.0,0.0,0.0,30.0,25.0,20.0,cum_drip
